{"2:6":[0,1.021678,2.298776,3.397079,4.572009,5.36381,6.794159,8.25005,9.16956,10.037986,10.778703,13.154104,14.073615,14.916499,15.887093,17.138649,18.671166,19.743927],"2:7":[0,1.634685,2.09444,2.732989,3.345995,4.418757,5.542603,6.691991,7.713669,9.833651,10.931955,13.332898,14.354576,15.146376,16.295764,17.16419,17.981533,18.568998,19.028753],"2:8":[0,1.404808,2.426486,3.448164,4.648635,5.849107,6.640908,8.224508,9.629316,10.625452,11.979175,12.822059],"2:9":[0,2.579737,4.316589,4.827428,5.542603,7.100662,8.301133,9.910276,10.574367,12.004716,13.383982,14.15024,16.014802,18.0837,19.25863,20.408018,22.247038],"2:10":[0,2.758531,4.18888,5.057307,6.104526,7.969089,9.322812,10.34449,11.672672,13.460608,14.482286,15.836009,16.653352,17.036481],"2:11":[0,1.787937,2.911782,4.699719,6.538739,8.045714,10.293406,11.340626,12.566639,13.409524,14.380118,15.19746],"2:12":[0,1.430349,1.941188,2.681905,4.495383,5.849107,6.487656,8.352218,8.863057,10.242322],"2:13":[0,2.119982,3.345996,4.393215,6.743075,8.275592,9.246186,10.983039,12.336762,13.10302],"2:14":[0,1.71131,2.426485,3.652498,5.10839,5.849106,6.589823,8.403301,9.83365,10.753161,11.493877],"2:15":[0,1.890105,2.962867,4.112254,5.440436,6.487656,7.637043,8.403302,10.370032,11.825923,13.435066,14.252408,15.45288],"2:16":[0,1.634685,2.400943,5.10839,6.385487,8.275592,9.092934,9.705941,10.497741],"3:1":[0,1.123846,2.579737,3.320454,5.619229,6.640907,8.275592,10.165696,11.264,12.260136,14.073615,15.146376,16.065887,17.266358,18.901043,20.969941,22.323664,23.217633],"3:2":[0,1.149388,2.47757,3.626957,4.4443,5.619229,7.713669,8.50547,8.914141,9.757025,11.315084,12.43893,13.026395],"3:3":[0,1.583601,2.707447,4.904054,6.078984,7.100662],"3:4":[0,1.762395,2.758531,4.112254,5.644771,6.181152,7.662585,8.965225,10.523284,11.161832,13.690485,15.248544,16.116971],"3:5":[0,1.532517,2.273233,3.167201,4.214421,5.057306,6.411029,7.279455,8.811972,10.472199,10.855328,11.340626,12.745433,14.099156,15.06975],"3:6":[0,1.430349,2.324317,3.065034,4.112254,5.338267,6.15561,8.352217,9.246186,9.884734,10.548825,11.442793,12.643265,13.409523],"3:7":[0,1.251555,1.83902,4.06117,5.210558,6.308861,8.428843,9.859192,10.676535,11.366168,12.617723,13.537233,14.329034],"3:8":[0,1.481433,2.63082,3.294911,3.856834,5.363809,6.768616,7.611501,8.965224,10.344489,10.957496],"9:7":[0,2.392,4.408,5.88,6.84,8.28,9.176,10.488,11,13.176,14.36,14.744,16.888,18.52,19.832,21.08,22.968,23.928,24.68],"9:8":[0,2.624,4.864,5.984,8,9.888,11.104,13.701533,14.789533,16.101533,16.565533,18.901533,20.949533,23.349533,24.229533,25.509533,27.301533,27.813533,28.085533,29.365533,29.797533],"9:9":[0,0.336,1.232,2.16,3.344,5.284947,5.892947,6.660947,6.964947,7.268947,9.284947,10.628947,11.268947,12.804947,13.476947,14.148947,14.916947],"9:10":[0,1.952,2.976,3.744,4.584,6.344,9.16,9.896,11.4,13.32,14.888],"9:11":[0,1.699663,2.691663,4.579663,4.859663,5.419663,6.475663,8.491663,10.123663,10.523663,13.019663,15.067663,16.187663,17.691663,18.419663],"9:12":[0,1.04,3.056,3.784,4.92,5.912,6.256,7.44,8.24,8.944,9.648,11.888,12.656,13.904,14.704],"9:13":[0,1.056,2.08,2.816,3.184,4.336,5.808,6.704,8.048,9.36,10.48,11.632,13.552,14.672,15.984,17.136,17.84,19.28],"9:14":[0,3.762082,4.210082,4.850082,5.314082,7.362082,10.242082,11.458082,12.418082,13.666082,15.842082,17.026082,18.466082,18.818082,20.482082,22.33053,23.41853,25.08253,25.21053],"9:15":[0,1.68,1.896,3.88,4.872,6.984,9.352,10.472,11.496,13.128,14.664,15.944,17.416,18.136]}