{"37:15":[0,2.967528,3.289524,4.287982,5.26322],"37:16":[0,1.207438,1.622313,4.153288,4.616145,5.405624,6.613062,7.727619,8.911837,9.724535,10.955193,12.27873,13.648708,15.993923,17.201361,18.362359,19.546576,20.800454,23.215329,24.678186,26.280363,27.441361,27.99864,28.788118,29.879456],"37:17":[0,1.439638,3.204354,5.085171,5.38703,6.640908,7.825125,8.707483,10.480195,11.701316,12.606894],"37:18":[0,2.461316,3.947393,4.852971,5.944309,6.826667,8.893243,9.540318,10.747755,11.277189,11.924263,12.527982],"37:19":[0,1.300317,3.854512,4.435011,6.640907,7.871565,10.03102,12.120816,13.072834,15.000091,15.46449,16.184308,16.997007,18.925022,19.296542,20.573639,21.897177,23.058174,25.28729,28.630963,29.629422,31.695997,32.206836,32.926655,35.59695,37.547426,38.870963,39.869422,40.983979,41.982437],"37:20":[0,1.880817,3.715193,4.388572,6.315828,7.964445,9.195102],"37:21":[0,1.416418,3.645533,4.435012,6.640907,7.732245,9.705941,10.866939,12.283356,12.933515,13.560454,14.883991,16.207529,17.275647,18.297325,19.295783,20.015601,21.524898,23.057415,23.730794,25.054331,26.331429,27.190567,27.631746],"37:22":[0,1.996916,5.13161,6.199728,7.082086,7.918005,9.822041,11.049615,13.023311,14.671928,15.577506,16.622404,19.083719,20.175057,20.75093,21.586848,22.956826,24.048163,25.302041,26.555919,27.856236,29.017234,30.038912],"37:23":[0,2.902494,4.179591,5.874648,7.732245,10.565079,11.958276,14.094512,15.627029,17.995464,18.970703,20.781859,21.687437,22.894875,24.125532,25.820589,26.493968,27.399546,28.566559,29.759568,32.987141,34.124919,34.937618],"37:24":[0,1.864292,2.676991,4.348827,5.742025,6.949462,7.878261,8.830279,11.291594,14.054768,15.378306,16.794723,17.862841,18.884519],"37:25":[0,2.438095,2.809614,5.247709,6.640907,7.639365,9.636281,11.075918,11.958276,12.770975,13.537233,16.091428,17.763265,20.781859,23.754013,26.610068,27.678186,28.723084,29.048163,30.185941,32.298957,33.297415,34.342313,35.247891],"37:26":[0,2.205895,2.972154,4.156371,5.340589,6.292607,6.965986,7.685805,9.543401,10.843718,12.70804,13.822598,16.005274,16.256067,18.044004,19.297881],"37:27":[0,1.671837,2.739955,3.970612,5.29415,5.874648,8.243084,9.473741,10.1239,10.750839],"37:28":[0,1.416418,2.507756,3.529434,5.31737,6.385488,7.616146,7.964445,9.914921,11.842177,13.514014,15.470196],"28:25":[0,0.634424,3.382562,4.094021,6.462243,9.480837,10.146476,10.843074,13.970028,14.47777,15.874064,16.71575,18.561878,19.741512,21.716913,22.459952,23.51259,25.989384,27.537382,27.784994,29.487791,30.757148,32.057466,33.233944],"28:26":[0,1.681135,4.458231,7.105111,8.421897,9.596575,11.532382,13.049419,14.597416,17.229011,18.931807,22.229041,23.746078,25.045807,26.116399,29.334347,32.445821,34.226017,35.170295,36.269373],"29:1":[0,1.677078,3.302475,7.054757,8.247521,9.322641,11.925202,13.022354,13.451786,14.523911,15.647491],"29:2":[0,0.673408,3.637793,5.294368,6.583043,7.083644,8.179018,8.952223,11.176538,13.264328,14.468744,15.093256,16.248107],"29:3":[0,1.858658,4.598612,5.067879,7.218975,8.527476,11.587157,12.717195,14.002032,15.783708,16.229788,17.796104,19.669181,20.954018,22.269816,23.059294,25.18005,26.628406,28.585644,29.483482,30.69092,31.644326],"29:4":[0,2.54118,4.491656,7.178904,9.937477,10.46286,11.64695,15.147287,17.051323,18.67672,20.364036,21.927514,22.26415,23.533,25.034802,27.106596],"29:5":[0,2.346911,5.387029,7.322025,8.421103,8.666376,10.044267,11.575808,12.212461,13.142044,14.019334,15.494215,16.252733,17.305371,18.388969,20.432325,22.074673,23.915318,25.04685,26.192367,27.724884],"29:6":[0,2.298408,2.648729,4.217924,5.596489,6.463367,7.214081,9.040718,10.836394,12.98811,14.226507,15.155306,15.759024],"29:7":[0,1.764716,2.786394,4.504671,5.882388,7.510798,8.497131,8.878777,10.653183,12.457329,13.562615,15.064417,17.610237,18.399716,18.931379],"29:8":[0,3.859857,4.483232,5.752589,7.254146,8.709263,11.093179,12.114857,13.136535,15.319211,16.696928,17.548326,18.554524],"29:9":[0,1.702796,2.029993,3.297233,5.156947,6.643024,8.225904,8.354771,9.01294,10.932456,12.743612,14.477369,15.853869,16.498207,17.79766],"29:10":[0,2.708995,3.746153,5.015444,5.625086,7.909659,10.711533,11.2903,11.994116,14.938242,16.96746,18.608337,19.893174,21.807872,23.284108,24.037234,24.754705],"29:11":[0,1.240853,1.943091,2.748049,4.120444,5.498161,6.559117,7.684238,8.472304,9.215953,10.872309,11.971387,12.993065,13.899609],"29:12":[0,1.732678,1.933013,3.977273,5.402523,7.741964,10.031034,11.548071,14.303505,16.099182,17.089815,18.081104,20.623759,22.234429,23.467647,25.020824,27.14158,28.973788,29.198406,30.266127,31.612885,33.455001],"29:13":[0,2.925714,3.699712,4.73687,5.758548,7.631625,10.2787,11.625457,12.863855,14.752411,15.023277,16.411081,17.100027,18.158004,18.829826,19.917158],"29:14":[0,1.816706,2.17357,3.472158,4.954134,6.52558,7.609178,9.079776,10.411053,11.154644,11.920776,14.273731,15.808744,16.611688,17.987685],"29:15":[0,0.862118,2.255315,4.050992,5.366789,6.340864,7.765436,8.454381,9.078893,11.218218,14.469011,16.278457,16.890247],"29:16":[0,1.49901,1.937968,3.705037,4.612656,5.917992,7.089451,8.993488,10.200925,11.656042,13.962558,16.857312,17.75515,18.869708,19.875906],"29:17":[0,3.219834,4.597551,5.696629,6.811187,8.343704,9.582101,11.857657,12.910295,13.536403,14.582131,15.409938],"29:18":[0,0.651527,3.312713,5.557308,6.055908,9.515506,10.743098,11.210609,13.250854,14.473771,15.418049,15.810188,17.069125,17.687713,19.01899,20.18588,21.070989,21.814028,24.026148,27.586755,27.851527,28.825152,29.321452,30.833167,32.078972,32.756267,33.930944,34.595107,35.228494],"29:19":[0,3.731185,4.390392,5.507107,7.002438,8.331161,9.631478,11.581955,13.82655,14.29095,15.312628,15.800124,16.512956,18.674861,20.216823,22.545843,23.7378,24.914278,26.957634,28.257952,29.604709,30.548987],"29:20":[0,1.826636,2.521064,4.17156,5.12387,6.783605,7.447412,7.983064,8.592279,10.790435,12.338432,13.920883,14.778348,15.720773,16.795773],"29:21":[0,1.752504,4.216863,5.536998,6.512236,8.261473,9.763029,12.100505,13.162664,13.952142,14.695181,17.125536,19.060532,19.421715,19.812847],"43:10":[0,2.82568,3.155955,5.617203,6.748806,7.097105,7.510714,8.834251,9.120512,10.688565,12.874523,16.009217,18.099013,18.540192],"43:11":[0,0.898672,3.552653,4.612991,5.12383,7.399386,8.47528,14.280269,21.106935,27.860756,29.518129,30.250676,36.311084,37.249226,37.746392,40.021947,40.99072,42.717408,43.297907,45.201943,46.955277,48.446961,50.258118,52.858753,56.132766,56.581932,56.929286,59.575793,60.224182,60.701499,62.210796,63.255694],"43:12":[0,1.578957,2.647075,4.133152,5.118802,5.804988,9.264762,9.882508,12.724535,14.326712,15.836009,17.266252,19.270978,19.926933,20.925391,22.059731],"43:13":[0,1.671837,2.763174,4.272471,6.008504,6.827566,8.058224,10.543949,11.65548,13.909652,14.989162,17.114006,19.203802,19.902646,21.32417,22.810247,24.157004,26.014601,27.941857,28.378072],"43:14":[0,1.544867,3.750763,4.426277,5.772845,7.653661,9.279058,10.765135,12.645952,13.760509,15.780646,17.731122,20.169217,20.65265,22.111946,23.992763,26.152219,27.475756,29.356572],"43:15":[0,2.554195,3.614823,5.379539,8.165934,9.837771,12.090106],"43:16":[0,3.274014,4.736871,5.897869,7.105306,8.119549,9.512746,11.834742,14.249617,15.735694,16.710932],"43:17":[0,3.552653,5.712108,7.105306,8.939682,9.229189,10.518639,11.726077,12.887074,14.117732,15.02331,17.647165,20.41034,21.478458,23.452154,24.493841,26.769397,28.696653,30.02019,31.483047,33.990802,34.780281],"43:18":[0,1.602177,3.575873,4.097112,5.17805,6.074335,7.304993,9.278689,10.950525,12.413383,14.015559,15.896376,17.544993,20.192067,21.817464,23.048122,24.464539,25.536625,26.972294],"43:19":[0,2.064803,2.625953,4.22813,9.925985,10.694858,12.668554,13.736672,15.547828,16.770285,18.984382,21.473911,22.495589,24.028106,26.90738,27.566883,27.938403,29.12262],"43:20":[0,2.252335,4.597551,7.941224,8.446465,9.517386,11.096343,11.592495,12.862817,14.510265,16.344641,17.138937,18.504097,20.779653,22.516664,23.793762],"43:21":[0,4.133152,5.456689,6.258026,8.521723,10.484369,12.530239,13.897702,15.383779],