{"12:13":[0,1.170286,2.229116,2.89785,4.820463,6.408707,7.188898,8.693551,9.919565],"12:14":[0,2.702803,4.736871,6.157932,6.854531,7.551129,9.780245,11.396354],"12:15":[0,1.588245,2.229115,4.430367,5.656381,7.077442,8.192,10.198204,11.452081,11.953632],"13:1":[0,1.671836,2.730666,3.650176,4.73687,5.739972,7.383945,8.805006,9.975292],"13:2":[0,2.535619,3.789496,6.21366,8.080544,9.613061,10.922666,12.705959,13.820517,15.04653,16.384,17.498557,19.393306,20.758639,22.1797,23.489306,25.077551,26.136381,27.585306],"13:3":[0,2.479891,4.151728,5.377742,5.851429,7.161034,8.136272,9.752381,10.894803,12.705959,13.62547,15.018667],"13:4":[0,2.145524,3.427265,4.430367,5.739973,7.27249,9.000054,10.114612,11.396354,12.483047,13.709061,14.377796],"13:5":[0,0.975239,2.061932,4.318912,5.656381],"13:6":[0,1.950477,3.343674,5.15483,6.185796,7.41181,8.136273,8.60996],"13:7":[0,1.755429,2.452027,3.260082,4.541823,6.269388,6.910259,7.690449],"13:8":[0,1.671837,3.17649,4.541824,6.074341,7.27249,9.278694,10.5883,11.284898,12.538776,13.681198,14.40566],"13:9":[0,1.783292,2.674938,3.232217,3.845224],"13:10":[0,1.643972,2.507755,3.343673,4.792598,5.628517,7.829768,10.866938,12.037224,13.597605,14.684299,15.074394,15.910312],"13:11":[0,1.003102,1.393198,2.3963,3.761633,4.904055],"13:12":[0,1.253878,2.368435,3.817361,5.29415],"13:13":[0,1.365333,2.563483,3.733768,5.15483,5.990748,6.352979,7.439673,8.359183,9.027918,9.445877,10.281796,11.061986,12.399455],"13:14":[0,1.114557,1.83902,3.176489,4.597551,6.99385,7.996952,10.393251,12.733823,14.043428,15.269442,16.467591,17.637877,18.780299],"13:15":[0,0.891646,2.229115,2.981442,3.761632,5.879292,7.328218,9.027918,10.114612,11.702857,13.402558,15.603809,17.108462,18.22302,19.839129,21.093007,22.486204,23.433578,24.798911,25.913469,26.192109],"14:1":[0,1.337469,2.284843,3.371537,4.681143,6.965986,9.418013,10.142476,12.176544,13.514013,15.380898],"14:2":[0,1.97834,3.287945,4.263183,4.959782,7.161034,8.080544,9.362285],"14:3":[0,1.226013,2.11766,3.538721,4.87619,5.294149,6.046476,8.192,10.671891,11.786449,12.455183,13.235374,14.071292,15.157986,16.718367,17.693605],"14:4":[0,2.201252,3.232218,6.157932,6.770939,7.244626,8.554232,9.613062,10.616164,11.089851,13.040327,14.322068,15.770994,17.749334,18.752436,19.142531,20.201361],"14:5":[0,1.337469,3.817361,5.29415,7.383946,9.055782,9.947429,10.894803],"14:6":[0,1.253878,1.866885,2.869987,4.458232,6.520164,7.523266,8.693551],"14:7":[0,2.061932,3.622313,4.709007,5.767837,7.996953,9.167238,9.696653],"14:8":[0,1.421061,2.953578,4.040272,5.126966,5.767837,7.662585,9.445878,10.783347,11.925769],"14:9":[0,1.97834,2.674939,3.120762,3.873088,6.185796,8.05268,9.529469,12.455183,13.764789,15.46449,16.606911,17.777197,19.003211],"14:10":[0,1.253877,1.83902,3.204354,4.040272,5.043374,7.105306,7.969088,9.501605,10.866939,13.263238,14.740027,16.439728,16.941279,18.919619,20.730775],"2:1":[0,2.391655,3.599093,3.970612,4.89941,6.130068,7.314286,8.150204,8.661043,9.566621,10.3561,11.702857,13.537234,15.696689,16.300408,17.182766,18.181224,18.622404,19.551202,20.50322,21.640998,22.755556,23.498594,24.009433],"2:2":[0,2.113016,2.739955,3.529434,4.017053,4.806531,5.758549,7.058867,8.893243,9.659502,10.774059,11.633198,12.190477,13.119275,14.024853,14.883991,15.51093],"2:3":[0,1.021678,2.577415,3.900952,5.825124],"2:4":[0,1.390113,2.504671,3.363809,3.851428,4.455147,5.569705,6.614603,8.24,8.843718,9.981496,11.699773,12.907211,14.161088,16.622403,17.551201],"2:5":[0,0.766258,1.787936,3.041814,5.17805,6.315827,8.150204,9.682721,11.679637,13.165714,14.419592,15.44127,17.275646],"2:6":[0,0.764717,1.879275,2.808073,4.03873,4.596009,5.315828,6.546485],"2:7":[0,2.229116,3.204354,4.063493,5.758549,7.569706,8.800363,10.56508,12.933515,14.164173,15.39483,16.625488,17.763266,19.063583,20.8283,22.082177,23.452155],"2:8":[0,2.252336,3.134694,3.688889,4.034105,5.218322,6.959819,8.492336,9.003175,9.908753,12.091429,13.066667],"2:9":[0,1.184217,2.020136,3.413333,4.342131,5.363809,6.455147,8.034104,9.241542,10.19356,12.422676,13.560453,14.698231,15.16263,16.068208,17.205986,17.949025,18.529524,20.20136,21.060499],"2:10":[0,1.068118,1.973696,3.041814,3.900952,5.10839,6.664127,7.337506,8.777143,9.822041,11.075918,12.167256,13.514014,15.046531,16.602268,17.554286],"2:11":[0,1.462858,2.461316,3.993833,5.108391,6.176508,7.918005,9.380862,10.890159,11.981497,13.142495,14.698232,15.113107],"2:12":[0,2.600635,3.622313,4.156372,5.41025,6.826667,8.126984,9.427302,10.19356,11.308118],"2:13":[0,2.043356,2.948934,3.877732,5.433469,6.617687,8.219864,9.357642],"2:14":[0,2.995374,4.179591,6.408707,7.639365,9.427301,10.448979,11.238458,11.818956,12.840634,13.630113,14.257052,16.044988,17.693605,18.831383,20.48,21.362358],"2:15":[0,1.904036,3.831292,4.365351,5.01551,6.199727,7.198185,8.243083,9.218322,10.681179,11.772517,13.281814,14.651791,15.859229,17.182766,18.436643,19.876281,20.665759],"2:16":[0,2.229116,3.181134,4.109932,5.47991,7.383946,8.916463,10.49542,10.890159],"2:17":[0,1.834376,2.438095,2.874649,3.849887,4.685805,5.544943,6.264762,7.26322,8.354558,9.376236,11.140952,11.860771,13.277188,14.252426,15.668844,16.783401,17.45678],"2:18":[0,1.369977,1.880816,2.623855,3.227574,4.063492,5.712109,7.151746,7.709025,8.148662,8.752381,9.611519],"2:19":[0,2.809615,3.227574,3.738413,4.969071,6.478368,7.012427,7.871565,8.777143],"2:20":[0,1.625397,2.507756,3.320454,4.527892,5.41025,5.990749,6.687347,7.709025,8.359184,9.148663,10.30966,11.656418,13.351474,14.489252,15.51093,16.764808,17.972245,18.320545,19.063583,21.037279],"2:21":[0,1.904036,2.530975,3.900952,5.03873,5.665669,6.780227,7.987664,9.079002],"2:22":[0,1.207438,1.996916,3.482993,4.690431,5.03873]}