{"11:14":[0,3.877732,5.10839,5.246168,6.500045,8.241542,9.541859,10.865397,12.165714,13.535692],"11:15":[0,1.602177,1.856054,4.270929,8.311201,11.445895,12.514013,12.558911,14.950567,16.40384,17.546576,19.357732,20.723084,22.62712,23.648798,24.925895,25.506394,27.108571,29.477006,30.172063,32.354739,32.678276,33.071474,34.348571,34.963687],"12:1":[0,1.462857,2.583628,2.871564,3.335963,4.705941,5.857687,7.158004,8.922721,9.642539,9.919637,11.241632,13.029569,14.190567,15.305124],"12:2":[0,2.902494,3.574331,5.339047,6.428843,10.004716,11.421134,13.23229,16.111564,17.644081,18.594558,20.591474,21.798911,23.840725,25.373242,27.137959,27.509478,28.089977],"12:3":[0,1.300318,2.020136,3.784853,4.504672,6.803447,7.871565,10.913379,11.560454,13.65025,14.207529,17.295783,19.896418,20.569796,23.72771,24.470749,25.120907,26.885624,27.605443,29.245755,31.10703,31.868663,32.704581,34.097778,35.607075,37.162812,38.973969,40.794924,42.220136],"12:4":[0,3.691972,4.458231,5.944308,6.664127,9.566621,10.19356,11.470657,12.167256,12.887074],"12:5":[0,2.159456,4.760091,6.664127,7.337506,10.17034,11.656417,13.096054,14.651791,16.137868,16.904127,18.552744,20.61932,22.267937,24.543492,26.052789],"12:6":[0,1.021678,2.275555,2.670294,4.086712,7.082086,8.103764,9.215238,9.772517,10.859229,11.072834,12.856145,15.15492,16.757097,17.314376,18.568254,19.195192],"12:7":[0,3.877733,6.362268,8.006259,9.422676,10.209071,11.811248,13.227665,14.690522,16.315919,17.848436,18.359275,19.195193,20.79737,21.819048],"12:8":[0,1.880816,2.530975,3.924172,6.640907,8.382403,9.86848,10.24,11.749297,13.722993,16.393287,16.904126,17.693605,18.204444,21.594557,23.359274,23.707573,25.17043,26.679727,29.489342,30.185941],"12:9":[0,1.927256,2.577415,3.506213,5.503129,6.873107,11.261678,12.120817,14.373152,15.185851,16.068209,18.181225,18.970703,22.430476,23.707574,24.636372,25.89025,28.490885],"12:10":[0,2.407166,2.577415,4.009343,5.890159,7.492336,8.188935,9.860771,9.995465,11.458322,12.75864,13.223039,15.080635,15.684354,17.84381,21.117824,23.323719,24.345397,26.202994],"12:11":[0,1.671836,2.879274,3.668752,5.479909,5.897868,7.523265,8.289523,10.21678,10.959818,12.817415,14.436786,16.344021,17.690778,18.991096,20.440166,23.040801],"12:12":[0,4.342132,4.899411,7.012427,7.848345,8.219864,10.820499,11.447438,13.490794,15.695148,16.507846,19.103472,20.079093,20.891792,21.63483,23.120907,23.980046,25.210703],"12:13":[0,3.297234,4.156372,5.526349,6.989206,8.753923,9.636281,11.818957,12.933515,15.41805,17.298866,18.715284],"12:14":[0,1.555737,2.873106,3.018594,6.17034,7.563537,8.794195,10.767891,12.346848,13.368526,14.854603,14.967619,15.337596,16.986213,18.42585,18.586848,21.512562,22.116281,23.207619,24.670476,26.017233,27.433651,29.035827,29.709206],"12:15":[0,1.741496,2.181133,3.458231,5.431927,6.616145,8.148662,8.332879,8.610036,10.554285,12.989297,13.291156,15.380952,17.261768],"12:16":[0,0.603719,1.973696,3.924172,5.387029,5.990748,6.710567,7.801904,9.84526,11.679637,13.003174,14.001632],"12:17":[0,1.486077,1.809615,2.900953,4.24771,5.687347,5.825125,7.241542,7.914921,9.052699,11.096055,12.651792,15.577506,16.406455,17.435102,18.54966,19.803538,20.848436,22.589932,23.93669,24.953742,25.78966],"12:18":[0,1.61635,2.707688,3.143666,4.536863,7.067838,8.855775,9.618949,10.803167,11.406886,12.753643,14.23972,14.866659,15.586478,17.027462,17.323348,18.391466,18.970423],"12:19":[0,2.815166,3.279565,4.765642,5.46224,9.014893,12.196027,12.776526,15.028862,16.468499,17.118658,18.209996,19.162014,20.462331,21.15893,22.598567,23.179066,23.411265,24.700789,26.001107,27.112581,28.484522],"12:20":[0,1.738413,2.826667,3.174966,4.02443,4.208921,5.764658,7.552595,9.085112,9.893184,10.170282,11.14552,12.956676,15.673411,16.20747,17.809647,19.690463,21.17654,22.170372,22.221438,23.353048,23.862345],"12:21":[0,1.234882,3.672977,4.462455,5.275154,8.084768,10.360324,10.987263,13.030619,13.518238,14.493476,14.583272,15.250482],"12:22":[0,2.665669,3.012426,4.010884,5.132778,5.353016,6.580589,7.949025,8.481542,9.874739,11.105397,12.289614,13.845351,14.797369,16.933605,19.255601]}