{"4:1":[0,0.37059,1.023536,1.482362,1.747069,3.54708,4.800029,5.082384,6.688276,8.276521,9.723588,10.217709,10.747124,11.753012,12.529488,13.482434,14.25891,15.229504,16.005979,16.288334,17.735401,19.588354,20.206005,23.382494,23.894262,24.2825,25.376624,25.976628],"4:2":[0,1.023535,1.852952,2.135307,3.158842,3.917671,4.341202,5.576504,5.9118,6.688275,7.411809,7.694164,8.96476,10.676535,11.594188,12.423604,12.847136,13.605964,14.400087,14.982443,15.458917],"4:3":[0,2.788252,3.688257,4.147084,4.588263,5.170619,5.435327,5.964742,6.719242,7.072185,7.689836,9.507494,10.001615,10.248675],"4:4":[0,2.170602,3.30002,3.847082,4.994148,5.700035,6.211803,7.164749,8.276521,8.647111,9.176526,10.235356,11.364775],"4:5":[0,1.341185,2.205896,3.123548,3.882376,4.764735,5.770623,6.935336,9.000054,9.811824,10.500063,10.994184],"4:6":[0,1.711775,2.558839,4.376497,5.488268,5.735328,6.141213,7.129454,7.552986,8.047107,8.735346,9.723588,10.411827,10.835359,11.400068,12.741253,14.029496],"4:7":[0,1.076478,3.247079,3.794141,4.429439,5.647093,7.65887,8.329463,8.558876,9.141232,10.923596,11.276539,12.670665,13.500082,14.329499,15.176563],"4:8":[0,1.041183,2.36472,4.023554,5.011795,5.54121,6.335333,7.570634,8.34711,9.176526,10.305945,10.641241,11.453011,12.705959,13.623612,14.38244,15.264798,17.188339,17.68246,18.529524],"4:9":[0,2.188249,2.470604,3.264726,4.323556,4.852971,5.770624,8.541229,10.147121,11.011832,11.629483,12.758901,13.747142,14.38244],"4:10":[0,1.641187,2.100013,2.770605,3.070607,3.635316,4.729441,5.029442,6.300038,7.023572,7.711812,8.205932,9.617706,11.170656,12.14125,12.811842,13.358905],"4:11":[0,1.041183,1.570598,2.205896,3.529434,4.500028,4.888265,5.452975,6.088273],"4:12":[0,2.188249,2.647075,4.094143,4.852971,5.788271,6.741218,8.011814,9.176527,9.847119,10.729477],"4:13":[0,1.394126,2.788253,3.670611,4.058848,5.841212,6.988278,9.229468,9.723589,9.953002,10.535358,11.594188,12.441252,13.270669,13.570671,14.541265,15.353034,15.635389,15.988332,16.588336,17.18834,17.4354,17.947168,19.394235,20.806009,22.147193,22.570725,23.047199,23.91191],"4:14":[0,1.323538,1.941188,2.417662,4.129437,6.247097,8.117696,8.788289,9.105938,9.458881,10.076532,10.83536],"4:15":[0,0.511768,1.482362,2.541192,3.035313,3.864729,5.064737],"4:16":[0,0.900006,1.323538,2.135307,2.894135,3.652964,4.164731,4.694146,7.7824,8.329462,9.017702,9.635353,10.641241,11.100067,11.682424,13.147139],"4:17":[0,0.511768,1.076477,2.205896,3.229432,3.758847,4.48238,5.117678,5.858859,6.211803,6.60004,7.588282],"4:18":[0,1.55295,2.647075,3.105901,3.705904,4.005906,4.500027,5.064736,6.000036],"4:19":[0,0.282355,0.952947,1.500009,2.735311,3.882377,4.252967,4.852971,6.123567,6.529451,7.235338],"4:20":[0,0.847064,1.094124,2.294131,3.811788,4.570616,5.929447,6.635334,7.623575,8.417698],"4:21":[0,1.217655,1.694128,2.135307,2.505898,3.900024,5.064737,5.576505,6.864748],"4:22":[0,2.064718,3.494139,5.241208,6.300038,6.758864,7.570634,8.241226,8.541228,9.158879,10.447122,12.229486,14.205968,14.770678,15.105974,15.741272,16.923632],"4:23":[0,1.252948,1.80001,2.594133,3.335314,4.023553,4.552968,5.047089,5.488268,6.635334,7.676517,8.700052],"4:24":[0,1.05883,2.205896,2.452956,3.194137,4.058848,5.29415,6.194155,6.72357,7.41181,8.170638,8.947113,9.617706,10.376534,11.047126],"4:25":[0,2.100013,2.664722,3.035313,3.670611,3.935318,4.447086,5.629446,6.917689,8.188285,8.647111,9.52947,10.058885,11.135362,12.405958,12.70596,13.782437,14.558912,15.741272,16.5001,17.453047],"4:26":[0,0.688239,1.041183,2.523545,3.970612,4.252967,6.158861,7.182396,8.435345,9.123585,9.794177,11.32948,12.864784,14.153027],"4:27":[0,1.288243,1.905894,2.752958,3.141195,3.617669,5.029442,6.72357,7.764753,9.635352,12.317721,14.417734,15.123621,15.882449,16.447158,16.835396,17.364811,17.982462,18.441288,18.811878,20.206004,21.211893,21.794249,22.711902,23.294258,24.388383],"4:28":[0,1.552951,1.8706,2.347073,3.564728,4.764735,5.717682,6.617687,7.341221,7.976519],"4:29":[0,1.958835,2.947076,4.500027,5.611798,6.72357,8.876524,10.658888,11.417716,12.38831,12.688312,13.676553,14.75303,15.741271,16.482452,16.99422,17.558929,18.86482,20.17071,20.911891,21.176598,21.547189,22.500136],"4:30":[0,0.094421,1.185759,1.696598,2.091338,2.602177,3.066576,3.623855,4.204353,6.503129,7.037188,7.989206],"4:31":[0,1.277097,3.111474,4.202812,4.620771,5.317369,5.874648,6.501587,7.058866,7.848345,8.428843,9.125442,10.634739,12.167256,12.863855,13.490794,13.885533,14.651791,15.48771,16.114648,16.973787],"4:32":[0,0.603719,2.136236,3.297234,4.086712,4.690431,5.41025,5.758549,6.757007],"4:33":[0,1.462857,2.043356,2.600635,4.527891,5.944309,6.292608,6.965987],"4:34":[0,1.230658,1.486077,2.577415,4.435011,5.20127,5.665669,6.687347,7.546485,7.825125,8.266304,8.661043,9.125442,9.845261,11.029478,12.399456,13.560453,14.257052,15.069751],"4:35":[0,0.789478,1.973696,3.041814,3.436553,4.133151,4.597551,5.201269,5.804988,6.989206,8.080544,9.125442,9.427301,10.0078,10.681179,11.865396,12.585215,12.887074,13.792653],"4:36":[0,0.325079,1.811156,2.763174,3.459773,3.691972,4.71365,5.224489,6.176508,6.965986,7.291065,9.195102,9.84526,10.495419],"4:37":[0,0.835918,1.207437,1.764716,2.716735,4.295691,5.758549,6.106848,6.524807],"4:42":[0,2.407538,3.867303,4.567346,6.471382,8.003899,8.979138,10.581314,11.301133,12.253151,12.671116,13.407335,14.575756,15.627709,17.601405,19.273242,20.1556,20.695213],"4:43":[0,1.306742,2.60706,3.289886,3.941967,4.592126,5.242284,5.706683,7.192761,9.189677,10.048815,10.698974,12.115391,12.531936,12.996335,14.598512,15.52731,16.236432],"4:44":[0,2.066576,3.738413,5.038731,6.199728,6.965224],"5:1":[0,1.811157,2.229437,2.832835,3.319354,4.96907,5.556646,6.848787,7.646442,8.36626,9.480818,10.456056,11.245535,11.530498,12.894151,13.630392,14.480687,15.247298,17.076644,18.988606,20.65444,21.606458,22.256616],"5:2":[0,2.005029,2.799341,4.048385,5.917869,6.753788,7.612926,8.170205,9.981361,11.722858,12.581996,13.185715],"5:3":[0,1.509297,1.769139,2.948934,3.943223,4.895241,5.731159,6.596252,7.140575,8.882072,10.414589,11.436267,12.156086],"5:4":[0,2.623854,3.506213,4.458231,6.106848,7.198186,7.941224,8.777142,9.91492,10.681179,11.261678],"5:5":[0,1.058186,1.476145,2.113016,3.015167,3.682041,4.866259,5.080558,5.346108,5.906714,7.876698,9.734295,10.825633,12.636789,13.356608,13.816783,15.353524,16.506672,17.29615,18.248169,19.153747,19.827125],"5:6":[0,1.353967,2.205015,2.516487,3.018216,3.854134,5.502751,7.569327,8.128448,8.960506,9.591925,10.86656,11.844747,12.561858,13.356837,13.492563,14.290634,15.335532,17.634307],"5:7":[0,3.552653,5.13161,5.63241,6.352229,6.607648,8.325925,9.107014,11.205199,13.170506,13.867104,14.563703,15.585381,16.769599,17.223991,17.837717,18.74957,19.678369,20.746487,21.042915,23.508679,24.151901,24.545871,24.300084,25.312129,26.21139,26.747371,27.67617,28.329891],"5:8":[0,2.234804,3.697661,4.789437,5.21099,7.254346,7.548468,8.461784,8.848785,9.731143,9.986563,11.132079,12.146019,12.384173,13.237356,14.045863,14.858561,15.43906,17.528856,18.208574,18.881302,19.804412,21.419481,22.951998,23.485459,23.996298],"5:9":[0,1.18362,1.833779,2.669697,4.852373,5.874051,6.319332,6.94704],"5:10":[0,1.369977,3.552653,4.574331,5.13161,6.849886,8.670576,9.903461,10.34464,10.994799,12.016477,13.665093,15.33693,15.978785],"5:11":[0,1.044898,1.741496,3.529433,5.606546,6.170879,7.749836,8.462686,9.125416,10.913352,12.14401,13.165688,13.743164,14.718403,15.85618,16.738539,18.387155,18.842882,19.632361,20.236079],"5:12":[0,3.761632,5.17805,6.222947,8.243084,8.930145,10.843718,11.832639,12.831097,13.829555,14.459491,15.063209,15.597268,17.719849,18.615862,19.475001],"5:13":[0,1.834377,4.109932,4.806531,6.130068,8.637824,9.543402,10.44898,12.376236,14.326712,15.069751,15.742677,16.114197,17.995013,19.48109,19.839323,20.572428,21.176147,21.946021],"5:14":[0,1.636478,2.449177,3.145775,3.912034,4.840832,5.718182,6.030941,7.979494,8.745753,10.649789,12.321626,13.180764,13.923803],