{"6:1":[0,1.879944,3.025641,4.999337,5.495023,5.796882,6.377381,7.817018,8.745816],"6:2":[0,2.391655,3.900952,5.921088,6.526666,7.455465,8.972635,10.195419,11.774376,13.864172,15.305423,17.114966,17.927664,19.345695,20.762113,21.528371,22.194909,23.943246,24.55436,26.215901,28.450946,29.198351,30.821764],"6:3":[0,2.663255,3.007911,3.992573,5.38577,5.702498,7.200136,8.639774,10.984989,11.937007,13.214105,13.887483,15.7683,16.835945,18.926213,19.669252,22.130567,23.523764,23.885736,24.930149],"6:4":[0,2.654115,3.675793,4.952891,6.369308,7.716065,8.575204,9.140704,10.841012,12.971615,14.225874,14.768006],"6:5":[0,2.424008,3.080096,3.677886,5.900936,7.478,8.804405,10.235252,11.593571,12.22051,14.008446,15.796383,17.352119,18.907856,20.835113],"6:6":[0,1.671837,2.122555,2.554019,4.360855,5.363492,7.034553,7.337433,8.092033,9.509813,11.347981,12.225288,12.58544,13.792877],"6:7":[0,1.271517,1.996916,2.989793,4.290111,5.613648,7.308705,8.910882,9.371308,11.043145,12.878496,13.760855,14.550333,15.270152],"6:8":[0,1.880817,3.029923,4.784537,6.1021,7.309538,9.538653,10.374572,12.348268,14.809583,15.970581,16.876159,18.476798,19.569674,20.575242,21.109301],"6:9":[0,1.625397,3.413334,3.639177,4.850697,5.456456,7.075297,9.049239,10.709856,11.427343,12.263261,13.14562],"6:10":[0,0.820087,1.307706,3.142082,4.18698,6.299996,6.573397,7.012051,8.265347,8.605534,8.863091,10.511708,12.276424,13.344542,13.946956,14.362583,15.268162],"6:11":[0,2.321996,3.274014,5.108391,6.083629,7.407166,9.311202,10.54186,11.238459,13.212155,15.092971,17.345307,17.667788,18.187857,19.156463,19.650714,19.87048],"6:12":[0,2.530975,3.529433,6.339048,7.987665,9.125442,10.750839,11.162887,11.967086,12.739125,13.691143,14.294862,14.596721,14.954108,15.804159,17.183954,17.787672,19.622049,20.713387,22.570983,24.14994,24.625377,25.115327,27.042584,28.064262,28.96984,30.757776,31.174043,31.963521],"6:13":[0,2.902494,4.017052,6.013968,6.849886,7.450556,8.332914,8.893693,10.61197,11.587208,12.539226],"6:14":[0,2.345216,3.413334,4.010457,4.713651,5.447084,7.165361,8.953297,10.207175,10.996653],"6:15":[0,1.439637,1.95583,2.838188,4.024692,5.160184,5.43465,5.887391,7.489568,8.673786,9.072852],"6:16":[0,2.113015,3.390113,4.527891,5.410249,5.900354,7.456091,8.350062,8.628702,10.207659,12.204575,12.994053,15.199949,16.453827,16.811949,17.729089,18.750767,19.911765,21.676481,23.139338,24.184236,25.271698,26.018613],"6:17":[0,2.172277,2.600589,3.076647,4.957463,6.42032,7.256238,8.602996,10.065853,11.203631,12.155649,12.742037,13.479186,15.175327,16.386847,17.432468,19.522264,20.242083,21.243369],"6:18":[0,1.963994,2.985672,4.07701,5.121907,7.258143,8.891226,9.194105,10.137418,11.275195,11.832474],"6:19":[0,1.412547,1.738259,3.293996,3.937405,4.703664,7.536498,8.31238,8.54458,9.984217,11.934693,12.52904,13.142131,14.001269,15.942373,16.778292,18.18471,19.926206,21.180084,21.384794,22.062442,22.569011],"6:20":[0,1.30994,2.155915,2.915179,3.124158,4.912095,7.41985,8.464748,8.662611,9.602526,10.936565,11.981463,13.978379,14.614941,15.28832,16.983377,17.644567,19.514352,20.582469,21.813127,22.602606,23.786823,24.947821,26.155259,27.467298,28.326436,29.154003],"6:21":[0,1.13768,3.482896,3.770332,5.169846,5.9636,7.640294,8.792211,9.193154,9.837108,11.044546,11.711614,12.756512,14.219369,15.148167,16.982544,17.551003,17.786361,18.92098,19.459851,21.062028,22.617765,23.082164],"6:22":[0,2.09918,2.694496,3.642968,4.594986,5.547004,7.149181,7.772968,8.957185,10.536142,11.48816,12.602718],"6:23":[0,1.718277,1.964672,2.935977,3.291077,3.8298,4.410299,5.966036,6.685854,7.266353],"7:1":[0,1.950476,2.243066,2.887444,3.700142,5.441639,7.554655,8.514598,8.932557,9.652376,10.360781],"7:2":[0,1.480057,2.524955,2.826815,3.964593,5.24169,6.750987,7.586906,8.237064,9.258742,9.839241,11.650398,12.788175,13.949173,15.040511,15.741985],"7:3":[0,1.393197,2.229116,2.374707,3.373165,5.021781,5.76482,7.041917,7.619897,9.176073,9.663595,10.569173],"7:4":[0,1.904036,2.592819,3.939577,5.077355,5.46588,6.462103,6.85422,7.61907],"7:5":[0,1.295512,2.688709,3.132175,4.164297,4.419716,5.511054,6.625612,7.182891,8.738628,10.781984,11.548242,11.808189,12.504788],"7:6":[0,0.889844,1.563222,2.63134,3.885218,7.182452,9.597327,9.948164,10.658656,11.541014,12.748451,13.839789,14.652488,16.138565,17.697711,19.076337,20.204304],"7:7":[0,0.971595,1.399514,4.658084,5.232705,5.697104,7.83334,8.831798,10.480415,10.830567,11.607367,12.884464,14.068682,14.9046,16.506777,18.526913,18.757665,19.218519,19.404278,20.542056,22.538972,24.814528,25.19266,26.214338,27.143137,27.541183],"7:8":[0,2.656105,3.289902,5.577168,6.571983,8.638559,9.544137,10.449715,11.935792,13.285617,14.260855,15.723712,16.010858,17.209789,18.73969,20.736606,22.193785,23.259087,23.64552,24.621876,24.961481],"7:9":[0,1.375564,3.256381,4.185179,5.439056,6.576834,7.877152,8.188202,8.38664,9.702601,11.530325,12.741211,13.64679,14.705341,15.574046,16.245486,17.499364,17.953467],"7:10":[0,1.495895,3.91077,5.071768,6.279205,7.742063,9.22814,10.319478,11.129759,12.128218,13.451755,14.10046,14.913159,15.423998,16.352796,18.210392,19.44105],"7:11":[0,1.172326,2.820943,3.796181,5.026838,6.466475,6.903824,7.925502,9.179379,10.686009,11.452267,12.040103,13.704603,14.985543,15.775021,16.866359,17.599832,18.203551,18.78405,19.347451],"7:12":[0,2.066576,3.436554,5.08517,6.640907,6.960896,8.099307,9.716494,9.995134,10.970372,12.15459,13.036948,13.849646,15.475043,17.471959,17.969014],"7:13":[0,0.564177,0.9747,1.748395,3.257692,5.501579,5.91138,6.347896,7.485674,7.903633],"7:14":[0,1.230658,1.989004,2.739955,3.707281,4.937938,5.471997,5.889956,7.190274,8.235172,10.998346,12.763063,13.854401,15.247598,16.664015,17.106136],"7:15":[0,1.996916,2.210029,2.822978,4.123295,5.168193,6.422071,7.583069,8.720846,9.261325,10.259783],"7:16":[0,1.602177,3.018594,5.433469,5.827394,6.710567,8.908413,10.307927,11.015991,11.944789,12.313201],"7:17":[0,1.299691,2.791355,3.859473,5.32233,6.808407,8.596344,10.33784,11.127319,12.140703,12.579356],"22:1":[0,1.718277,2.948934,4.365351,4.710567,5.778685,6.962902,8.05424,10.236916,11.606893,13.11619,14.997007,16.181224,16.668844,17.620862,18.57288],"22:2":[0,2.275556,5.27093,6.130068,7.662585,10.866939],"22:3":[0,0.719819,2.043356,3.274014,4.504671,7.330431,8.143129,11.347483,13.04254,14.180317,17.291791,19.520907],"22:4":[0,3.297233,4.435011,5.735329,7.941224],"22:5":[0,1.000082,2.439719,3.438177,5.179674,6.456771,7.873189],"22:6":[0,1.160998,2.298776,4.040272,6.571247,7.546485],"22:7":[0,1.204353,2.365351,3.804988,5.314285,6.103764,7.566621,9.888616,11.397913,13.18585,14.416508,16.645623],"22:8":[0,1.741497,3.645533,5.50313,7.592926,9.543402,11.424218,13.583674,14.001633,14.767892],"22:9":[0,2.067573,3.34467,4.505668,6.198126,7.521663,9.37926,11.236856,11.976811],"22:10":[0,1.181134,2.226032,4.269388,5.662585,6.05424],"22:11":[0,0.972154,1.253877,2.481451,4.710567,6.266304,6.425759,6.843719],"22:12":[0,1.253877,2.972154,4.272471,6.431927,7.639365,8.335963,8.959818],"22:13":[0,2.368435,4.94585,6.664127,7.592925],"22:14":[0,1.160998,1.346758,2.577415,4.435012,5.851429,6.478368],"22:15":[0,1.346757,2.530975,6.153288,7.500045],"22:16":[0,2.252336,4.063492,5.13161,6.524808,7.732245,8.939683,12.019412,13.575149,16.059684,16.640183],"22:17":[0,1.114558,2.763175,4.388572,6.106848,6.896327],"22:18":[0,2.507755,4.179591,5.828208,8.939682,9.772517,11.049614],"22:19":[0,2.273293,3.341411,4.479189,7.172703,8.589121,10.586037],"22:20":[0,1.973696,3.529433,5.549569,7.825124,8.03102,8.866938],"22:21":[0,1.088254,2.597551,5.407166,6.591383,7.798821,8.54186],"22:22":[0,1.08978,2.436538,3.013953,4.52325,5.286424,6.377762],"22:23":[0,0.695056,1.159455,2.227573,4.394203,6.019599,6.109395,6.713114],"22:24":[0,0.972154,2.086712,3.781769,5.569705],"22:25":[0,2.600635,4.202812,5.27093,7.337506,9.107263,9.681104],"22:26":[0,0.673379,1.880816,3.413333,4.295692,5.15483,6.199728],"22:27":[0,0.928798,1.857596,3.482993,4.342131,5.572789],