{"2:15":[0,1.614251,2.788252,4.916129,6.181849,7.557631,8.291381],"2:16":[0,1.052699,2.716735,3.792653,4.814331,6.370068,8.065125,9.342223,10.48,12.128617,13.498595,14.659592,15.65805,16.935148,18.026486],"2:17":[0,1.346758,2.856055,3.831293,5.17805,7.360726,9.195102,10.54186,13.420415,15.370891,15.948306,16.343045,18.87402,19.617059,20.545857,21.939054,23.634111,24.536605,25.578419,26.646537,27.923635,29.340052,30.570709,32.219326],"2:18":[0,0.990034,2.38416,4.016755,5.832787,6.273038],"2:19":[0,1.761001,4.164034,4.897785,7.484256,8.841694,9.630476,10.510977,11.226383,12.418728,13.959604,15.445449,17.316513,18.985796,19.664515,20.489984,21.663985,23.039768,24.232112],"2:20":[0,1.522003,3.631536,4.639913,7.538228,10.138291,10.509811,10.97421,11.506727,13.782282,14.269901,16.290037,17.056296,18.02845,19.607407,21.017656,21.209584,21.575026,23.316523,24.77938,27.333575,28.726772,29.81811,30.607588,31.675706],"2:21":[0,0.879275,2.037189,3.476826,4.63474,6.190477,7.116191,7.483084,8.713742],"2:22":[0,0.693515,1.715193,2.99229,4.501587,5.360726,6.382404,7.102222,8.1239,8.681179,9.331338,10.950567,11.949025,13.017143,14.015601,14.967619],"2:23":[0,1.068118,2.995375,4.272472,5.665669,7.709025,9.125443,9.445896,10.212155,12.000091,12.227665,13.594558,15.240091,16.935148,19.257143,20.74322,22.294331,23.710749],"2:24":[0,1.09294,2.648676,4.204413,5.527951,6.642509,7.339107],"2:25":[0,1.695057,2.507755,2.995374,4.086712,5.08517,6.733787,8.521723,10.37932,11.888617,13.281814,15.046531,15.998549,17.182766,18.134785],"2:26":[0,1.393198,2.461316,3.413334,6.965987,7.407166,7.964445,8.893243,11.377778,12.213697,12.887075,13.746214,15.32517,16.021769,16.579048,17.461406],"2:27":[0,2.902494,3.668753,4.458231,5.556681,6.757007,8.644935,9.559855,10.836953,11.603211,12.55523,13.112509,13.716227,14.33854]}