{"2:1":[0,3.181134,4.202812,4.829751,5.921088,6.478367,8.528185,9.874942,10.9895,12.150498,13.265056,14.472493,16.794489,17.862607,18.184602,19.20628,19.786779,21.203196,24.57009,26.358026,27.101065,28.122743,30.328639,31.303877,32.534534,33.715668],"2:2":[0,2.159456,3.065034,4.481451,5.758549,6.919546,8.684263,9.752381,11.308118,13.421134,14.396372,15.673469,16.645624,16.921179],"2:3":[0,1.671837,2.693515,3.784853,4.342132,5.43347,6.919547,8.684263,10.077461,11.215238,12.213696,12.794195,13.606894,14.767892,16.671928,17.577506,17.783402,18.012517,18.871656],"2:4":[0,2.066576,4.133152,4.594467,5.151746,6.588299,8.631655,9.862313,11.46449,12.509388,13.461406,14.784943,15.690521,16.967619,17.896417],"2:5":[0,1.236021,2.698878,5.276293,6.48373,8.016247,9.154025,10.291803,11.429581,12.404819,13.496157,15.075114,16.120012,18.163368,19.672665,20.508583],"2:6":[0,1.323537,2.201269,3.548027,5.103764,6.8917,7.866938,9.260136,10.165714,10.650249],"2:7":[0,2.693515,3.831293,5.22449,6.339048,7.476826,8.568163,10.44898,12.027937,13.072835,15.766349,17.925805,19.086803,20.54966],"2:8":[0,1.931108,3.138546,4.856822,7.062718,8.037956,9.291834,9.733013],"2:9":[0,1.068118,1.413333,3.387029,5.407165,6.126984,7.659501,10.004716,11.328254,11.699773,12.883991,13.650249,14.671927,15.949025,17.017143,18.108481,20.058957,20.473832,21.30975,22.424308],"2:10":[0,1.24366,3.287016,4.448014,5.121393,5.771551,7.257628,7.698807,8.325746,8.852095,9.502254,10.779352,12.451188,14.192685,15.284023,17.977538,19.904794,20.763932,22.366109,23.434227,24.708241,25.729919,27.285656,28.284114,29.305792,30.629329],"2:11":[0,1.904036,3.227574,4.318912,4.96907,5.619229,6.408707,8.219864,9.334422,11.052698,11.795737,13.305034,14.582131,15.48771,16.532608,17.902585,18.831383,19.574422,20.38712],"2:12":[0,2.429604,3.355318,3.889377,4.771736,5.863073,6.397132,7.209831,8.440488,9.717586,11.087563,11.454457,12.661894,13.169649,13.866248,14.791962,15.694457,17.017994,17.970012,18.596951],"2:13":[0,2.711058,3.175457,3.895275,4.333371,6.121307,6.537724,7.327203,7.692554,8.946432,10.293189,10.802486,11.475865,12.776182,14.0765,14.350514,15.604391],"2:14":[0,2.554195,3.222947,5.475283,6.729161,8.006258,9.004716,9.956734,11.024852,12.20907,12.650249,13.788027,14.925805,17.06204,17.874739,18.687437,19.523356,19.941315,20.777233,22.40263,23.424308,24.306666],"2:15":[0,1.602177,2.786395,3.552653,4.922631,5.967529,6.849887,8.057324,9.195102,10.611519,11.284898],"2:16":[0,1.323538,2.321996,3.645533,4.504672,5.24771,6.083629,7.383946,9.032563,10.61152,12.306576,13.514014,15.37161,16.323629,17.554286,18.854604,20.446873,21.468551],"2:17":[0,1.718276,2.879274,4.249251,5.804988,6.919546,8.568163,9.705941,10.565079],"2:18":[0,2.125072,3.21641,4.354187,5.654505,6.211784,8.768279,10.291852,11.397158,12.929675,15.298111,16.575208,17.596886,19.175843,19.895662,20.553636,21.140277,21.474619,22.787644,23.281522,25.162338,26.112814,26.62057,27.317168,28.362066,29.732043,30.939481],"2:19":[0,2.987611,3.753812,4.218211,5.564969,6.795626,8.630003,10.905558,11.880796,13.320434,14.342112,15.38701,16.803427,17.984561,19.075899,19.935037,20.863835,22.140933,23.32515,23.664585,24.430844,24.890402],"2:20":[0,0.718062,1.855839,2.108175,3.335749,4.055567,5.657744,6.702642,8.258379,8.978198],"2:21":[0,1.114558,2.925714,3.270929,4.037188,6.034104,7.729161,9.818957,10.184308,10.904127,12.038821],"2:22":[0,1.356011,2.725988,3.724446,5.140863,5.623856,6.881811,7.88027,8.350927,9.233285,10.693059,12.806075,14.94231,15.615689,16.405167,17.467618],"2:23":[0,2.272899,3.294577,4.478795,6.034532,7.35807,8.728047,9.935485,10.42002,11.650677,12.132129,13.014487,14.175485,14.848863,16.053217,16.375212,17.72197],"2:24":[0,1.253877,1.436553,2.597551,2.964444,4.566621,6.754013,7.935147,8.257143,8.531156,9.85161,10.432109,12.498685,12.89034,13.772698,14.794376],"1:1":[0,3.713208,5.617244,5.8928,7.100238,7.657516,9.120374,10.327811,11.581689,12.440827,13.741145,14.182324,15.041462,16.1328,17.084818],"1:2":[0,1.741497,3.041814,4.651512,6.903847,8.204165,10.36362,10.755276,11.591194,14.191829,15.329607,15.863666,16.931784,18.092781,18.90548,20.670196,23.017575,25.015557,26.060455,26.873154,27.476873],"1:3":[0,0.743038,3.111474,4.226031,6.687347,7.151746,8.986122,9.798821,10.541859,11.679637,12.979954,13.875457,14.150996],"1:4":[0,3.327644,4.767282,6.601658,7.507236,9.620252,10.80447,11.361749,13.637304,14.751862,15.56456,16.864878,17.584697,18.141975,19.186873,19.837032,21.13735,22.948506],"1:5":[0,1.184218,2.113016,2.881354,4.135231,4.881048,5.438327,7.086944,8.340821,9.382635,9.751071,10.726309,12.165946,13.605583,14.390436,15.621093,16.035968],"1:6":[0,1.065034,4.013968,5.012426,7.775601,9.331338,9.679637,10.747755,12.257052,13.139411,15.020227,15.949025,16.808163,18.131701,18.78186],"1:7":[0,2.786395,3.784853,5.642449,8.986123,10.100681,11.075919,12.538776,15.162631,16.509388,18.320545,20.433561,21.455239,22.058957,22.778776,23.661134,24.241633,25.82059,27.353107,28.676644,30.232381,30.78966],"1:8":[0,0.72023,4.458231,6.594467,7.848345,9.287982,12.515556,14.094512,14.976871,17.066667,18.343764,19.597642,20.990839,22.244717,23.266395,24.473832,26.249317,26.783376,28.060473,28.942832,29.009408,30.123965,32.028002],"1:9":[0,1.555737,2.600635,4.318911,5.688889,6.362267,7.500045,7.987664,9.496961,10.518639,11.563537,13.421133,14.489251,16.021768,16.390204],"1:10":[0,3.174695,4.219593,4.753652,5.45025,6.309388],"1:11":[0,1.555737,2.368435,5.01551,6.385487,6.757007,7.639365,8.498503,9.729161,10.541859,12.422675,15.13941,16.230748,17.322086,19.806621,21.083719,22.105397,22.778775,24.218412,25.42585,26.517188,27.631746,27.897529,29.164263,30.76644,32.298957,33.901134,34.737052,35.61941],"1:12":[0,2.577415,3.761632,5.665669,6.455147,8.080544,9.125442,10.05424],"1:13":[0,1.370927,1.67587,2.996324,4.226981,5.666619,7.338455,8.708433,9.242492,10.10163,11.680587,13.166664,14.817667,16.069158,17.624895,18.832333,19.575371,19.786861,20.35694],"1:14":[0,1.486077,4.063492,7.531897,11.069389,12.880545,14.134423,15.43474,16.990477,18.755194,19.425488,21.004445,23.303221,24.580318,27.180953,28.083447,31.241361,32.379139,33.978232,35.464309,37.345125],"1:15":[0,2.600635,2.92263,3.758549,5.430385,7.868481,9.656417,11.657454,12.052193,13.306071,13.558406,15.276683,16.019721,16.83242,17.900538,18.457817,19.618814,22.184923,23.160161,25.249957,27.061113,28.198891,29.661748,30.451227,32.517803,33.93422,35.118438,36.534855,37.626193,38.694311,39.553449],"1:16":[0,2.786394,3.854512,4.85297,6.733787,7.662585,8.243084,9.148662,10.472199,10.863855,11.168798,11.722993,13.199818],"1:17":[0,1.667211,1.873107,2.987665,3.19356,4.400998,5.445896,5.953651,7.230749,9.808164,12.199819,13.267937,14.057415,15.148753,16.518731,17.238549,17.656508],"1:18":[0,0.87671,2.525326,3.384465,3.774812,4.150723,6.356619,7.029998,8.980474,9.537753,11.508892,12.763067,13.156982,14.341199,15.966596,18.822651,19.514623]}