{"4:4":[0,1.568585,2.9381,4.274036,5.468463,7.598285,9.569809,10.879362,11.029627,12.016227,12.563073],"4:5":[0,3.151562,4.613419,5.313353,7.155361,9.760076,11.343052,13.127498,14.217917,14.583381,15.451861,16.337621,18.539397,19.962806,21.901085,22.914167,24.065422],"4:6":[0,3.342525,4.859532,6.39508,7.838405,9.660658,12.483821,14.283967,16.038322,16.787129,18.6867,18.786943,20.213509,20.904606,23.656996,24.674968,26.329897,27.984826,29.136082,30.891746,33.2806,34.69394,35.758852,36.895716,37.975018,39.212617,40.32666],"4:7":[0,1.708868,3.847666,4.363468,5.15899,7.673523,8.399207,9.864746,10.461932,11.771484,12.951521,13.56795,14.79459,15.281501,17.239947,18.880485],"4:8":[0,1.672557,2.76625,4.04702,4.623881,5.660011,6.710531,9.358418,10.005183,10.767889,12.768196,13.956542,14.41068],"4:9":[0,2.863748,4.849663,5.813839,8.058787,9.699326,11.87232,12.419166,14.433863,17.930801,18.4039,19.511983,20.331132,21.654925,22.80618,24.533063,24.987096,26.296649,27.489524,28.799077,29.385796,31.518917,33.576786,35.490906,36.656394,37.022663,37.986839],"4:10":[0,1.885832,3.759102,4.399976,5.406571,5.68748,6.900075,8.276534,9.849629,11.216873,12.284182,13.496777,15.41404,16.507732,17.342392],"4:11":[0,1.162932,2.338794,3.735599,5.046512,6.182428,7.189776,8.211515,10.250369,11.85236,13.262648,13.850698,14.569316,16.152292,17.395771,17.762369],"4:12":[0,2.337329,4.63984,5.560844,7.460415,8.525326,8.743322,9.782634,10.363236],"4:13":[0,1.366816,3.467857,3.911178,4.231883,6.745723,7.709211,8.817983,10.112456,11.565916,12.186316,12.443817,13.277009,14.11167,15.79538,17.195877,18.193107,18.708109,19.383975],"4:14":[0,2.474593,3.510723,3.820376,5.620398,8.181941,8.984437,9.45262,10.65714,12.940585,13.876952,14.786779,15.108274,16.334914,18.039075,19.041013,20.176108,21.241019,23.644264,25.745305,26.810216,28.436364,29.688354,31.832567,33.818482,34.681924],"4:15":[0,1.234701,4.662584,5.289168,6.706062,7.232129,7.678101,9.425902,10.139547,10.45323,12.50551,13.210051,13.936513,14.872447,16.825203,19.074529,20.959709,21.909495,23.233438,24.370303],"4:16":[0,4.216473,6.590936,7.785364,8.95101,10.8218,12.275259,13.196263,14.318737,16.491732,19.225963,19.585647,20.788878,21.901729,22.326201,23.261596,24.240163,25.21873,25.835893],"4:17":[0,1.984039,3.445829,4.850379,5.421562,6.521468,7.586379,8.694463,9.673029,11.860415,12.925325,15.31418,16.479826,17.933286,18.460466,19.841606,23.170171,24.465334,25.118031],"4:18":[0,1.519734,3.951762,4.944719,7.247229,8.488162,10.62776,12.625844,14.582978,15.575936,16.612065,17.093371,18.957748,20.339254,21.418556,23.102267,25.127395],"4:19":[0,2.267883,3.993603,5.047122,5.505789,5.982517,6.831568,7.551103,9.868004,12.48711,13.134691,14.559369,16.646019,18.444855],"4:20":[0,1.913962,3.007655,4.185075,4.967048,6.844356,9.288272,9.791256,10.266149,12.266455,15.274109,17.605401,18.539573,19.374773,19.979182,21.058484],"4:21":[0,1.681143,2.904352,3.708011,6.573978,6.999339,7.846751,9.73993,12.04244,12.509856,13.69737,16.20135,17.472598,18.455351,19.505871,20.952299,21.18255,22.319415,23.758484,25.168772,27.341766,28.196713,29.002591,30.197019],"4:22":[0,1.827617,4.187691,5.123086,5.49395,7.790357,9.149185,10.121909,11.53804,13.422601,14.429195,15.884028,17.366269,17.913116,18.718994,19.403329,20.166036,22.725402,25.104377,26.385148,27.550794,28.917909,30.572839,31.522624,33.091209],"4:23":[0,1.554194,2.619105,4.245253,5.396509,6.159215,7.310471,7.745355,9.440293,10.76982,11.668731],"4:24":[0,2.735486,3.944304,4.395313,5.8056,7.532484,9.12985,10.050854,10.871123,11.315989,12.972165,14.166592,15.951037,17.131074,18.008906,18.786004,19.270423],"5:1":[0,2.10104,3.410593,4.662583,5.054644,6.925434,8.019126,8.781833],"5:2":[0,1.43907,2.446418,4.072566,5.61237,7.439987,8.789638],"5:3":[0,1.75037,3.117465,4.636082,6.4637,9.578394,11.198237,13.005495,14.349798,17.268766,18.736616,19.628838],"5:4":[0,3.165952,4.7921,5.943355,7.857317,9.425902,10.706674,12.347213,13.613593,14.232393,15.21096,17.527861,19.076638,19.93145,20.737329],"5:5":[0,1.312403,2.403245,3.525719,5.655541,7.137782,8.375381,11.48377,12.820348,13.527249],"5:6":[0,2.933212,4.271546,4.493257,5.635624,7.408716,8.833395,10.171729,12.200816,14.287466,15.668973,18.719799,20.029352],"5:7":[0,2.403245,4.345989,5.986527,8.058787,8.835884,10.015921,11.109613,12.648106,13.335947],"5:8":[0,1.90011,3.339179,4.634342,5.540955,7.123931,9.253753,10.735994,11.493164,12.601248,13.838847,15.553047,16.328437],"5:9":[0,1.611757,3.496937,4.720146,6.619717,8.792711,10.145436],"5:10":[0,2.619105,3.914267,6.015308,8.220363,11.46938,11.477292,12.764542,13.134668,13.843844],"5:11":[0,1.859593,7.712461,8.719809,10.274004,11.180618,12.375045,13.900458,15.353918,16.404438,17.728382,20.150606,21.934513,23.12894,24.467274,25.00996],"5:12":[0,0.980924,2.017053,3.283434,4.348346,5.197396,6.012902,7.629423,8.798096,10.718657,12.44554,13.68314,15.984708],"5:13":[0,0.44567,1.581359,2.667544,4.230862,5.914573,8.922227,9.09567,10.217389],"5:14":[0,2.139651,4.806491,6.187997,7.655848,9.096854,10.36563,13.187134,14.329286,16.91961,18.516977,21.323162,23.718217,25.107913,26.230387],"5:15":[0,1.899238,3.41026,3.890333,5.156714,6.95555,8.250712,9.358796,10.876361,11.833994,14.1547,16.212569,17.464559,18.759721,19.593933],"5:16":[0,1.863052,4.446723,5.33229,6.763624,8.173912,9.051744,11.095222,12.994793,14.347518,15.541945,16.882631],"5:17":[0,3.10839,4.331598,5.468463,6.706062,9.713717,10.614166,11.782077,13.782383,16.718084,18.157153,19.748421,20.932925,21.986336,23.164216],"5:18":[0,3.007655,4.058176,4.882852,6.469994,7.69902,10.073484,11.82601,12.781104],"5:19":[0,1.631039,2.560544,4.100868,5.053954,6.320335,7.907197,9.171292,10.533705,11.268753,11.791004,13.733747,15.112537,16.243101,16.704361],"5:20":[0,0.686527,2.532762,4.687138,6.370849,8.515062,9.939741,10.309418],"5:21":[0,1.117993,2.053388,3.420504,4.370289,5.348856,6.327423,8.457245,10.015398,11.162446],"5:22":[0,0.892223,1.985916,2.978873,4.676974,7.008266,8.030006],"5:23":[0,2.072259,4.561848,5.885792,7.209736,8.533679,9.63277,10.752978,12.940363,13.767626,14.041049,14.918881,16.602592,18.128005,19.192916,20.214655],"5:24":[0,1.65493,3.007655,6.10749,7.012377,7.68995,9.717827,10.995323,11.997235],"5:25":[0,1.323943,2.244947,3.209123,5.209429,6.562154,7.540721,8.648804],"5:26":[0,1.985915,3.856705,5.266993,6.706062,7.768921,9.742498,11.076128,12.328118,14.069392,15.263819,16.904358,18.242692],"5:27":[0,1.568585,2.806185,3.725064,4.748928,6.849969,7.900489,8.864665,10.303735,11.570115,13.34017,14.390691,15.22535,15.944885],"5:28":[0,2.970136,4.265298,6.294385,8.381035,9.172524,10.410123,11.273564,13.403386,16.353641,17.43278,18.367238,19.475321,21.346111,23.634231,24.684751],"5:29":[0,1.726882,3.496938,5.756276,6.344731,8.461726,9.555418,10.735455],"5:30":[0,2.014697,4.317208,5.82823,8.101959,9.260746,10.973238,12.569464,13.621125,14.675016,15.654792,18.085609,19.179301,20.157868,22.258909,23.595179,25.007531,26.302693],"5:31":[0,2.742853,3.947183,4.19422,5.280406,6.797642,9.085761,10.064328,11.244365,13.823109,14.937753,16.074617,17.125138],"13:2":[0,3.221769,4.146712,6.062358,8.007029,9.545351,10.764399,11.45907,12.532993,13.426984,14.646032,15.226531],"13:3":[0,0.676057,1.208574,2.253472,2.623449,4.597145,5.595603,8.033699,9.032157,9.659095,9.817009,10.908347,11.883585,13.416102,14.855739,15.597236],"13:4":[0,1.727466,3.190324,4.394677,5.021616,6.01699,6.385426,7.685743,7.942795,8.825153,9.148691],"13:5":[0,2.01809,2.782807,4.454643,5.264258,7.705545,9.029083,9.211759,10.419196,10.601872,11.78609,12.388267,14.106543,15.89448,16.451759,17.334117,17.866634,18.911532,21.581827,25.482779,26.132938,26.245954,27.151532,27.84813],"13:6":[0,2.238458,4.931973,6.089887,8.385579,11.102313,12.147211,13.795828,16.094604,17.255601,19.879456,21.411973,22.015692,23.15347,23.850068,25.150386,26.264944,27.611701,27.724717,28.943094,29.926916,30.563197,31.363469,31.65298,32.163832],