{"1:1":[0,2.685805,3.173424,4.148662,4.543401,6.586757,7.236916],"1:2":[0,1.764716,2.321995,3.181134,4.527891,5.688889,6.548027,8.452063,9.079002,9.566621,10.402539,11.400998,11.911837,12.770975,13.978412,14.349932],"1:3":[0,1.718277,2.530975,4.318912,5.52635,5.874649,6.501588,7.685805,8.219864,9.380862,10.19356],"1:4":[0,0.975238,1.575873,3.38703,5.778685,7.032563,7.905253,9.065125,10.102313,10.938232,11.68127,12.749388,13.724626,14.490885,15.164263,17.02186,18.391837,19.041996,19.854694,21.108572,23.244808,23.825306,24.452245,25.311384,25.822223],"1:5":[0,1.671837,3.552653,4.481452,5.31737,6.106848,7.128526,8.080544,8.916463],"1:6":[0,2.763175,3.877733,4.365352,4.849887,6.962903,7.450522,8.031021,8.750839,9.726077,11.397914,11.698231,12.39483,13.718367,14.786485,16.922721,17.52644,18.362358,20.568254,21.915011,23.192109,24.283447,25.212245,26.767982,27.99864,28.695238,28.949116],"1:7":[0,1.671836,1.973696,2.786394,3.784852,4.94585,6.106848,6.873106,9.102222,11.308117,12.144036,12.863854,13.606893],"1:8":[0,1.416417,2.345215,3.041814,3.831293,4.620771,5.34059,6.013968,7.685805,8.498503,9.473742,9.938141,11.354558,13.049615,14.976871,17.507846,18.970703,19.504762,20.31746,21.385578,21.989297,22.755556],"1:9":[0,2.236061,2.863,3.188079,3.370755,3.858374,5.80885,6.784088,7.759326,8.455925,9.384723,9.988442,10.82436,11.381639,12.124678],"1:10":[0,0.835918,1.365351,2.131609,3.520181,4.518639,5.052698,5.887074,6.769433,8.557369,8.998548,9.439727,11.274104,12.806621,13.828299,14.640997,15.941315,16.893333,17.357732,17.890249],"1:11":[0,1.393198,2.739955,4.086712,4.597551,6.243084,7.334422,7.891701,8.797279,9.795737,11.699774,12.58059,14.113107,14.949025,15.784944,17.294241,17.710658,18.453697,19.150295,20.102313,21.031112,21.86703],"1:12":[0,0.998458,2.043356,3.691973,7.291066,8.312744,9.125443,10.37932,10.913379,11.911837,12.561996],"1:13":[0,2.484535,3.599093,5.804989,7.057324,9.19356,10.238458,11.306576,12.397914,13.442812,15.277188,15.741587,16.809705,17.086803,18.48,19.685896,19.913469,21.771066,22.767982,24.230839,25.252517,25.763356],"1:14":[0,1.787936,3.691973,4.96907,5.897868,6.780227,8.614603,9.681179,10.493877,12.235374,13.583988,14.559227,16.184623,17.601041,18.529839,19.365757,20.827072,21.77909,22.359589],"2:1":[0,2.739955,4.736871,5.710567,6.430386],"2:2":[0,0.998458,1.182676,4.15483,4.476826,5.475284,6.866939,7.331338,8.585216,10.466032,10.743129,12.693606,13.877823,14.853061,16.153379,17.593016,18.196735,18.473832,19.89025,20.819048,20.980045,23.139501,24.114739,25.113197,25.600816,26.483175,27.388753,27.619411],"2:3":[0,1.484536,2.156372,2.804989,2.964445,3.870023,5.30966,6.122359,6.422676,7.397914,8.140953,10.230749,11.345307,12.111565],"2:4":[0,1.60656,2.568163,3.427302,4.890159,5.331338,6.096054,7.512472,8.55737,9.253968,9.391746,10.181225,11.086803,11.760181],"2:5":[0,1.041814,1.758549,4.080544,5.195102,6.3561,7.027937,7.422676,7.837551,9.764807,10.483084,11.086803,11.783402],"2:6":[0,1.462857,2.275556,3.320454,4.109932,5.10839,5.548027,5.986122,7.936599,9.353016,10.281814,11.140952,11.791111,12.904127,13.763265],"2:7":[0,0.625397,1.507755,2.204354,3.109932,3.92263,4.921088,5.896327,7.591383,8.93858,9.696689,10.068209,11.298866]}