{"5:6":[0,2.87619,4.385488,8.03102,9.517098,11.049615,12.883991,14.207528,16.459864,17.992381,20.291156,21.034195,22.845351,24.377868,24.747846,26.257143,27.394921,28.668934,30.64263,31.362449],"5:7":[0,2.948934,4.060408,6.521723,11.119274,12.907211,15.043447,16.436644,18.314376,20.659592,22.401088,24.421224,25.187483,26.69678,29.227755,29.969252,32.175147,33.336145,34.752562,35.517279],"5:8":[0,1.618904,3.197861,3.66226,5.682396,6.378994,8.143711],"5:9":[0,1.811156,2.784852,3.96907,4.455147,6.173424,7.96136,9.354557,11.746213,14.207528],"5:10":[0,2.879274,3.715192,5.01551,7.082086,7.681179],"5:11":[0,1.808073,3.688889,5.987664,7.98458,8.354558,9.001633],"5:12":[0,3.663645,6.00886,8.446956,10.652851,11.27979,13.064643,14.27208,15.032171],"5:13":[0,2.038731,3.919547,6.752381,8.749297],"5:14":[0,5.15483,7.569705,10.0078,11.888617,12.281814,13.953651,15.904127,16.272562],"6:1":[0,1.683284,3.70342,4.121379,5.048635,6.232853,9.460427,10.969724,12.688,12.986776,14.983692,17.003828,18.536345],"6:2":[0,1.741496,2.809614,3.413333,4.78331,6.501587,8.749297,9.747755,10.862313,11.464489,12.370068,13.784943,14.060498,15.500136,16.196734,17.450612],"6:3":[0,3.390113,4.458231,5.244626,6.568163,7.636281,9.981497,12.065125],"6:4":[0,1.787936,3.599093,5.13161,6.501587,7.546485,8.777143,11.517097,14.101259,15.828299,16.315918,17.430476,18.521814],"6:5":[0,4.342132,5.31737,6.431928,7.082086,10.37932,11.726077,12.910295,14.326712,15.34839,15.972245,17.249343,18.244717,18.520272,20.076009,20.633288,21.956826,22.232381,23.834558,25.158095,25.947574,26.733968],"6:6":[0,2.118603,4.069079,5.624816,7.528852,8.248671,9.850848,13.586177,15.768852,17.556789,18.135746],"6:7":[0,2.252336,3.645533,5.688889,7.267846,9.404082,10.007801,11.865397,13.212154,15.023311,16.462948,17.554286,18.692064,19.295782],"6:8":[0,1.43347,3.105306,4.916463,5.589842,7.679637,8.515556,11.000091,11.740046,15.199819,15.778776,16.192109,17.237007,18.421225,20.480091,21.896508,24.596082,25.181406,25.878005]}