{"1:1":[0,1.007746,2.21054,3.705905,4.811175,6.078984,7.574349,10.24,11.800381,13.165714,14.140952,15.343746,16.286476,18.041905,19.082159,20.935111,22.332952,23.340698],"1:2":[0,1.040254,2.53562,3.868445,5.851429,7.314286,8.159493],"1:3":[0,1.397841,2.340571,4.030984,5.363809,6.599111,7.119238,7.996952,9.622349,10.565079,12.288,13.783365,14.986158],"1:4":[0,0.910222,1.982984,3.250793,4.030984,4.518603,5.558857,6.729142,8.419555,9.654857,10.955174,11.832888],"1:5":[0,0.877714,1.755429,2.568127,3.088254,3.803429,4.518603,5.36381,6.469079,8.224508,9.362286,10.370032,12.12546,13.068191,13.783365,15.018667,15.798857,17.001651,18.301968],"1:6":[0,1.072762,2.438095,3.738413,4.908698],"1:7":[0,0.812698,1.592888,3.738412,4.71365,5.591365,6.891682,8.647111,10.012444,10.890158,11.897904,13.978412,15.538793,18.236952,18.919619,20.382476,21.42273,22.300444],"1:8":[0,2.015492,2.925714,3.673397,4.291047,6.306539,8.354539,9.232254,11.02019,12.450539,13.360762],"1:9":[0,1.527873,3.120762,5.298794,7.476826,8.419556,9.329778,10.760127,11.702858],"1:10":[0,2.145524,3.510857,4.388571,6.013968,7.541841,8.907175],"1:11":[0,1.202794,2.763175,4.063492,5.981461,7.24927,8.094477,10.012445,11.182731,13.133207,14.303492,16.188953,17.229207,18.106921,19.634794,20.545016,21.130159,22.267937],"1:12":[0,1.040254,1.787936,2.373079,3.153269,4.811174,5.883936,6.859174,7.444317,8.322031,9.037206,10.044952,12.157968,13.100698,13.783365,14.531047,15.376254],"1:13":[0,0.94273,1.72292,2.893206,3.478349,4.616127,5.688888,6.566603,7.931936,8.517079,9.817396,11.280254,12.222984,13.913396,15.148698,15.993904,16.969142,17.814349],"1:14":[0,0.975238,1.88546,2.568127,3.380826,4.518603,5.331302,5.786413,7.509333,8.224508,9.492318,10.56508],"1:15":[0,0.747683,1.462858,2.113016,2.730667,3.31581,3.673397,4.941207,6.599112,7.541842,8.744635,9.427302,10.987683,12.060445],"1:16":[0,1.10527,3.900952,5.136254,5.851428,6.631619,7.639365,8.97219,9.654857,10.305016,12.027936,13.685841,15.018666,16.318984,17.261714],"1:17":[0,0.94273,1.722921,3.510857,4.713651,6.046476,7.574349,8.972191,10.24,11.18273,12.092952],"1:18":[0,1.300317,2.82819,3.868444,4.746159,5.98146,7.736889,10.435047,12.385524,13.100698,14.108444,15.473778,16.253968,18.789587,19.53727,20.252444,20.967619,22.625524,23.535746,24.933587,25.746285],"1:19":[0,2.178032,3.380825,4.356063,5.233778,6.956698,8.484571,9.102222,10.044952,11.377778,11.995428,12.840635,13.620825,14.531047,15.408762,17.554286,18.984635,19.797333],"1:20":[0,1.625396,2.730666,4.356063,5.526349,6.956698,7.996952,9.167238,9.784888,10.565079,12.938158,14.17346,15.506285,17.32673,18.692063,19.862349,20.707555],"1:21":[0,1.462857,2.665651,3.93346,4.908698,5.916444,6.566603,7.119238,8.35454,9.752381,11.215238]}