{"2:14":[0,1.885544,3.44128,4.068219,5.275657,7.435113,8.57289,10.291167,11.684364,13.100782,14.02958],"2:15":[0,2.275556,3.250794,4.481451,4.89941,5.572789,6.965986,8.080544,9.636281,10.28644,11.865397,13.444354,15.23229,17.229206,17.995465,18.668844,20.178141,21.501678],"2:16":[0,1.486077,2.670295,3.088254,3.854513,4.899411,6.013968,7.082086,8.150204,9.543401,10.17034],"2:17":[0,0.812699,1.369978,2.205896,3.250794,4.411792,5.804989,6.455148,7.407166],"3:1":[0,2.670294,3.320453,4.063492,5.688888,6.989206,9.171882,10.727619,12.027936,13.281814,15.928888,16.834467,17.252426,18.111564],"3:2":[0,1.137778,2.623855,3.204354,5.526349,6.501587,7.755465,8.591383,9.798821,11.331338,12.376236,13.444354,15.02331,16.788027,19.063583,20.851519,21.919637,22.755555],"3:3":[0,2.438095,3.390113,4.73687,5.735328,6.780226,8.219864,9.055782],"3:4":[0,1.068118,3.157914,3.808072,4.85297,6.037188,6.989206,9.125442,10.472199,11.842177,13.374694,14.489251,16.695147,17.623945,19.249342,20.20136,21.432018,23.103855,24.171973],"3:5":[0,2.229115,4.435011,5.247709,6.501587,6.896326,8.219864,10.10068,11.284898,12.910294,13.421133,15.650249,17.066666,18.204444,19.319002,20.48],"3:6":[0,1.253878,2.205896,3.088254,4.481452],"3:7":[0,0.557279,2.136236,3.157914,5.27093,5.804989,6.965987,7.941225,8.870023,9.473742,10.681179,11.656417,12.283356,13.003175,14.164172,14.442812,15.23229,16.718367,17.740045,18.088345,19.040363,20.61932,21.617778,22.801996,23.614694,24.915011],"3:8":[0,0.743038,2.020136,3.877732,4.99229,7.407165,8.335964,9.311202,10.727619,11.795737,12.422676,13.119274,14.257052,15.51093,16.137868,16.788027,18.622403,19.226122,20.038821],"3:9":[0,1.439637,2.902494,4.783311,5.967528,7.035646,8.196644,9.218322,9.775601,10.28644,11.354558,12.213696,13.212154,15.20907,16.277188,18.529524,19.690521,21.153379,22.291156,24.613152,25.240091,25.797369,26.257233,27.306667,28.042086],"3:10":[0,1.113198,3.063674,3.899592,5.22313,6.128708,7.405805,8.055964,9.077642,9.751021,10.37796,11.097778,11.817597,12.305216],"4:1":[0,2.043356,3.227573,4.249251,4.92263,7.035646,8.335963,8.777142,9.404081],"4:2":[0,1.462858,2.321996,3.041814,3.645533,5.15483,7.801905,8.800363,9.752381,11.284898,12.236917,13.514014,14.930431,15.255511,16.880907,18.018685,19.110023,20.038821,21.292699,22.360817,23.498595,25.100771,25.89025,26.238549],"4:3":[0,1.230657,2.182676,3.390113,4.597551,5.781768,6.594467,7.848344,8.475283],"4:4":[0,1.091338,2.321996,3.134694,4.643991,5.781769,6.687347,8.057324,8.753923,9.311202],"4:5":[0,1.648617,3.575873,4.620771,5.061951,6.524808,7.174966,8.173424,9.334422,9.705942,10.3561,11.006259,12.167257,12.770976],"4:6":[0,1.950476,3.018594,3.854513,4.783311,5.688889,6.097597,6.747755,7.531066,8.692064,9.783402,10.363901,11.408798,12.291157,13.173515,14.380953,14.845352,15.56517,16.540408,17.213787],"4:7":[0,0.603719,1.973696,2.345215,4.086712,4.690431,5.921088,7.430386,8.614603,8.962903,9.822041,10.843719,12.924121,13.574422,14.27102]}