{"1":[0,0.899266,2.732789,3.618059,6.38234,8.103892,8.884189,11.641472,12.680701,14.206304,17.316995,19.510925],"2":[0.959724,1.906479,3.409741,4.222986,6.800401,8.681217,9.732845,12.2406,13.189721,14.625219,17.439423,19.366679],"3":[0.914652,3.143768,4.653172,6.395782,7.693147,10.131243,11.747013,13.23309,14.592272,16.844608,18.603112,19.99808,23.3839,25.148616,26.458406,28.524982,30.459952,34.314465,35.909107,37.274194,38.528071,40.139048],"4":[0.882358,3.320454,4.649244,7.742639,8.904497,11.946312],"5":[0.812698,3.506213,6.594467,7.987664,10.866939,13.351474,15.905669,18.575964,21.130159,22.685896,26.055572,28.307907,30.931762],"6":[0.975238],"7":[0.441179,4.109932,6.222948],"8":[1.068118,3.088254,7.267846,9.334422],"9":[0.745154,2.92783,4.321027,6.503703,8.245199],"10":[0.850635],"11":[0.580499,2.461315,6.098028,7.119706,10.579479,12.042337,15.59499,19.495942,23.048595,24.279253,27.553266,30.9666],"12":[0.705092,2.530975,4.295692],"13":[0.843113,2.16338],"14":[0.954297,2.061282,4.824457,5.738507]}