{"1":[1.509338,2.741451,4.281592,5.267282,8.255155,9.826099,10.750183,13.430028,14.292507,15.925056,19.251761,20.976718],"2":[1.643662,2.629859,4.306394,5.391211,8.579915,10.45369,11.407014,14.760085,15.746282,17.833732,21.416915,23.011268],"3":[1.456479,3.179979,4.709282,6.517743,7.658651,10.389549,11.894577,13.618077,14.771123,17.526296,19.031324,20.766961,23.679919,25.391282,26.556465,29.821405,31.642004,33.122757,34.591373,35.926479],"4":[1.483099,3.992958,5.56162,11.009155,12.720423,17.882746],"5":[2.033915,4.391408,8.829042,10.631831,17.10338,18.536366,20.755183,24.175859,25.65507,27.134282,30.554958,32.21907,34.299211],"6":[1.668169,3.006676,4.75031,7.673577,8.745972],"7":[0.169056,3.277815,4.865066],"8":[0.094859,1.573506,5.708836,7.555429],"9":[0.085996,1.537177,2.859363,5.514487,7.148409],"10":[0],"11":[0.059644,1.699848,4.592571,6.083665,8.857101,10.527127,12.853234,15.388095,17.475627,18.668503,20.905145,23.261074],"12":[0.128839,0.94482,3.246746,4.320405]}