{"1":[0.652325,1.564143,2.771581,3.975058,5.971974,7.80635,9.153108,11.219684,12.655361,14.094998,16.235654,18.34867],"2":[0.812698,1.773192,3.048153,3.746341,6.416636,8.080066,8.925293,11.511599,13.008218,14.308536,17.21103,19.324046],"3":[0.557279,1.927256,2.716735,3.924172,5.22449,7.082086,8.266304,9.682721,11.230566,13.250702,14.34204,15.549477,18.242992,19.821949,21.284806,23.003083,24.628479,27.104076,29.031332,30.19233,31.283668,33.141264],"4":[0.626939,3.599093,5.17805,8.034104,10.611519,13.769433],"5":[0.415568,3.109082,6.499196,8.496112,11.863005,13.743822,16.274797,18.945092,20.749526,22.446427,25.121599,27.141735,29.695931],"6":[0.936698],"7":[0.928798,4.96907,7.407166],"8":[0.859138,2.739955,6.315828,8.126984],"9":[0.952018,2.600635,3.947392,6.153288,8.057324],"10":[0.835918],"11":[0.882358,2.972154,7.871565,9.775601,12.678095,16.068209,20.897959,24.195193,29.001723,30.85932,33.204535,37.825306],"12":[0.84297,2.677347],"13":[0.873692,1.71798],"14":[0.789478,1.670235,5.571187,6.778625],"15":[0.719819],"16":[1.091338,3.506213]}