{"etnachta": [0.859138, 2.758269, 4.406886, 5.991443, 9.265457, 11.332033, 12.988458, 16.053492, 18.282607, 19.629365, 22.647959, 24.598435], "sof_pasuk": [1.301863, 2.726929, 5.002485, 6.057393, 8.780017, 11.816532, 12.855618, 15.804552, 17.713006, 19.802802, 23.309015, 26.072189], "katon": [0.766259, 2.716735, 4.643991, 6.269388, 8.150204, 10.0078, 12.088163, 13.89932, 15.70532, 17.702236, 20.06036, 21.801856, 24.170292, 26.654827, 28.628523, 30.555779, 33.109974, 36.801947, 40.888659, 42.699815, 44.534192, 46.136369], "revii": [0.719819, 3.599093, 5.479909, 9.148662, 11.145578, 14.883991], "tevir": [1.068118, 4.202812, 7.221406, 9.775601, 12.469116, 14.744671, 17.414966, 20.48, 22.407256, 24.195193, 27.097687, 30.069841, 32.925896], "geresh": [0.789478], "gershayim": [1.091338, 4.580075, 7.160065], "telisha": [1.079851, 3.425066, 8.115497, 10.483932], "yetiv_katom": [0.905578, 2.577415, 4.226032, 5.944308, 8.428844], "zakef_gadol": [1.230658], "zarka": [0.696599, 2.321995, 5.781769, 7.058866, 9.427302, 11.470658, 14.744671, 17.275646, 21.315918, 22.825215, 24.915011, 29.094603], "pazer": [1.044898, 3.343673, 5.944308], "kadma_vazlan": [1.416417, 3.082602], "mercha_kefulah": [0.975238], "sof_haftorah": [0.812698, 2.025318, 4.858152, 5.787809]}