{"1":[0.557279,1.592974,3.021834,3.719679,6.204214,8.108251,9.246029,11.684124,12.903483,14.48244,17.129515,19.010331],"2":[0.812698,1.81053,3.621687,5.008188,8.189321,10.952496,12.162437,14.739852,16.096005,17.814281,21.529474,24.199769],"3":[1.044898,2.9,4.447485,6.191181,7.561159,9.581295,11.647871,13.321276,14.936637,17.165753,19.278768,20.857725,22.480146],"4":[0.510839,2.623855,4.713651,8.521723,10.799732,15.065172],"5":[0.771777,3.233093,6.344566,8.109283],"6":[0.987502],"7":[0.968554],"8":[1.059891,3.056807,7.188824,9.585099],"9":[0.975238,2.623855,3.993832,5.787226,7.668962],"10":[0.66925],"11":[0.534059,2.623855,6.222948,7.337506,11.145578,15.20907,16.279973,19.925506,22.084962,25.591175,29.306368,33.578839],"12":[0.766259,2.879274],"13":[0.812698,1.938948],"14":[0.789478,1.597946,4.111368,5.280169,8.391643,9.670177,11.871695,14.797409,18.163789,19.666023,22.429197,26.166362]}