{"1":[0,1.996916,3.993832,6.060408,7.523265,9.98458,11.354558,12.608435,14.210612,16.137868,17.368526,18.877823],"2":[0,3.33343,5.83343,7.78343,8.98343,10.98343,13.58343,14.93343,16.98343,18.590054,19.88343,21.08343],"3":[1.711055,3.811055,5.461055,7.161055,8.711055,10.761055,12.211055,13.811055,16.161055,17.361055,18.761055,20.311055,22.211055,23.411055,24.961055,27.161055,28.911055,30.161055,31.561055,33.161055,36.011055,37.661055,39.011055],"4":[1.69031,5.672958,7.108563,10.882817,13.267775,14.633915],"5":[1.531479,3.090803,3.954,6.571437,8.158606,9.495169,10.608972,13.393479,14.757887,16.150141,18.294211,19.352324],"6":[1.383972,4.856958,7.311549,8.956648,13.65693,15.798169],"7":[1.867859,4.060563,6.984169,8.405366,11.694423,12.953197,14.415,16.64831,19.693732,22.536127,23.876113,27.205775,28.708183,30.088775],"8":[1.778746,5.832634,11.292972,13.195817,16.215549,17.249704,18.573423,22.048183,26.929394,27.922183,29.204535],"9":[2.045704,7.311169,9.090042],"10":[2.13507,3.388563,5.606282,6.804676,7.906648],"11":[0],"12":[1.804056,4.785761,7.917803,10.674,11.525915,13.981437,15.785493,18.516634,19.644169]}